station,target,RMSE,MAE,R2,test_amount
基隆長興路口,borrow_count,7.539561782430063,4.9362377970752975,0.3771441963888127,2184
基隆長興路口,return_count,5.752504999186857,3.9725657202509512,0.13938533759825444,2184
基隆長興路口,net_borrow,8.546683568060685,6.166220463148998,0.36445487220188333,2184
基隆長興路口東側,borrow_count,5.68184485176557,4.249963902666794,0.47321217830522955,2184
基隆長興路口東側,return_count,5.5348667886473395,4.2070427713784655,0.4828026628028661,2184
基隆長興路口東側,net_borrow,3.3127939247110545,2.3135490086897703,0.17127642034185087,2184
捷運公館站(1號出口),borrow_count,8.629662430595955,6.369506167347325,0.5398067323890285,2136
捷運公館站(1號出口),return_count,8.232176840738692,6.043644295790058,0.5307462949593178,2136
捷運公館站(1號出口),net_borrow,3.5031267078018953,2.4446692091350943,0.14326923871268404,2136
捷運公館站(2號出口),borrow_count,43.78416704814545,32.901616461989,0.49655436558529564,2208
捷運公館站(2號出口),return_count,49.32143518865641,33.96453957307172,0.5889466244259574,2208
捷運公館站(2號出口),net_borrow,34.377153104496514,22.239453509609234,0.45152741371243443,2208
捷運公館站(3號出口),borrow_count,30.01139012766515,22.426548803363705,0.4830396867374912,2184
捷運公館站(3號出口),return_count,33.87266373720111,21.846976778778192,0.668175214264696,2184
捷運公館站(3號出口),net_borrow,28.583585376676684,19.10819604362653,0.550620938305632,2184
捷運公館站(4號出口),borrow_count,7.594263312512145,5.67483057889843,0.41961583222321386,2184
捷運公館站(4號出口),return_count,6.964225123477313,5.244105563621839,0.4427590576355631,2184
捷運公館站(4號出口),net_borrow,3.2788327417789946,2.3148222922654877,0.06597067907227117,2184
新生南路三段52號前,borrow_count,3.62184986066631,2.6418912695840024,0.30692702832037044,2160
新生南路三段52號前,return_count,3.472566492950257,2.486095858511223,0.4550085898360071,2160
新生南路三段52號前,net_borrow,3.078345655530945,2.112403978970505,0.19100256585879272,2160
新生南路三段66號前,borrow_count,6.409610048408128,4.438540190338913,0.5170042862684057,2184
新生南路三段66號前,return_count,5.7356628973182895,3.948300831695195,0.6164292251622127,2184
新生南路三段66號前,net_borrow,3.853600168918489,2.583573554155968,0.08053442644703612,2184
新生南路三段82號前,borrow_count,8.434229669577494,6.13284701023315,0.5000273028590515,2160
新生南路三段82號前,return_count,7.390754773876431,5.122126097973443,0.6108668548648741,2160
新生南路三段82號前,net_borrow,5.246582349123824,3.6926177890671203,0.1177973700454773,2160
新生南路三段94巷口,borrow_count,7.113574751268153,5.071108135397641,0.5370028963438216,2184
新生南路三段94巷口,return_count,6.624326791715381,4.649695635805392,0.5737446742584891,2184
新生南路三段94巷口,net_borrow,3.593232877808017,2.5026629607590363,0.07002786946742157,2184
第二學生活動中心,borrow_count,7.5025847227294085,5.3486625088813495,0.44717345498627203,2136
第二學生活動中心,return_count,6.752749093318959,4.699242173596487,0.5612798887694759,2136
第二學生活動中心,net_borrow,5.383530125400794,3.5937082063032024,0.11591782334639178,2136
臺大一號館,borrow_count,6.385507923363957,4.588891822309208,0.39590227431426106,2184
臺大一號館,return_count,4.951189552359022,3.4523191640400728,0.5181445031864453,2184
臺大一號館,net_borrow,5.555249405234345,3.690192950110263,0.06797658338874168,2184
臺大二號館,borrow_count,3.967570869514266,2.4616638487347142,0.4698275978839257,2160
臺大二號館,return_count,3.7793012993527513,2.238849474745701,0.4844469991138355,2160
臺大二號館,net_borrow,2.1885381284238656,1.3345630201171403,0.022947333191208563,2160
臺大五號館西側,borrow_count,7.243561288713246,4.25957385203041,0.6528169400423135,2136
臺大五號館西側,return_count,6.286056372607342,3.5267083387130356,0.7203310461153649,2136
臺大五號館西側,net_borrow,5.15684820521271,2.975590929418668,0.06844373259962966,2136
臺大公館停車場西北側,borrow_count,1.9913874162247085,1.404316830373343,0.21067186443522623,2136
臺大公館停車場西北側,return_count,1.5827182066082837,1.1226591647743411,0.3140294029158943,2136
臺大公館停車場西北側,net_borrow,1.9749532767854505,1.303601591481405,0.06714586661376698,2136
臺大共同教室東南側,borrow_count,7.997711320525733,4.7582725430463855,0.6710719885489483,2112
臺大共同教室東南側,return_count,7.6495503948502845,4.511822846280151,0.6906975591811002,2112
臺大共同教室東南側,net_borrow,3.1353835520936544,1.955586946859636,-0.012270595457105626,2112
臺大凝態館南側,borrow_count,6.27416356573179,4.019230093720481,0.6202780073246501,2160
臺大凝態館南側,return_count,5.938235494598267,3.8236644981506673,0.6223077595089868,2160
臺大凝態館南側,net_borrow,5.329468292210763,3.3368017508698555,0.0829750215603341,2160
臺大動物醫院前,borrow_count,4.632264831515169,3.122134109046723,0.6185032698304369,2160
臺大動物醫院前,return_count,4.40744118023076,3.090951853468608,0.6013039537819624,2160
臺大動物醫院前,net_borrow,3.629220210848703,2.3346899541574846,0.11026704238267226,2160
臺大博理館西側,borrow_count,6.30499300039437,4.164399973567015,0.6137203316987565,2160
臺大博理館西側,return_count,6.402853618975059,4.053885561469934,0.6774666888866064,2160
臺大博理館西側,net_borrow,6.757198244040243,4.256814310727895,0.3467188993407908,2160
臺大博雅館西側,borrow_count,8.436730159559751,5.1009822047819515,0.46371513339029724,2136
臺大博雅館西側,return_count,8.584669905271916,4.958841816951821,0.46548526533686485,2136
臺大博雅館西側,net_borrow,10.770395433232245,6.489322595212281,0.34269095732785226,2136
臺大原分所北側,borrow_count,2.916104339547483,1.8423135301669489,0.5913000451009454,2136
臺大原分所北側,return_count,2.9012545652488626,1.9067834466418911,0.5560957025810318,2136
臺大原分所北側,net_borrow,2.757285520723847,1.6905501075389313,0.22610328840191674,2136
臺大四號館東北側,borrow_count,2.445209961791966,1.5726562233215884,0.3660557903576849,2136
臺大四號館東北側,return_count,2.2575129273720798,1.3154982278374632,0.43058008596752606,2136
臺大四號館東北側,net_borrow,2.112365931948476,1.3197513421112868,0.023404266805894136,2136
臺大國青大樓宿舍前,borrow_count,4.522683644945503,3.358571995783172,0.43892285988024937,2160
臺大國青大樓宿舍前,return_count,4.629815809365647,3.510986851284955,0.3391256483956533,2160
臺大國青大樓宿舍前,net_borrow,3.75135838988095,2.6222274957100455,0.09089669828223912,2160
臺大圖資系館北側,borrow_count,9.381361217240737,5.470970070108389,0.6198282805355262,2136
臺大圖資系館北側,return_count,8.304089214619909,4.900803695252021,0.6442530434733722,2136
臺大圖資系館北側,net_borrow,10.992581936922935,6.678984249716769,0.41459070507701,2136
臺大土木系館,borrow_count,5.495860625760108,3.379071478786379,0.505017235951831,2112
臺大土木系館,return_count,5.031275637082533,3.113917403738923,0.5388100345797557,2112
臺大土木系館,net_borrow,5.49845061912455,3.4135731680966015,0.23733565226725806,2112
臺大大一女舍北側,borrow_count,7.6024021294159345,5.481598431257884,0.41720608196702214,2160
臺大大一女舍北側,return_count,8.085376562508955,5.1241209673114305,0.5370111032645009,2160
臺大大一女舍北側,net_borrow,7.877596275236747,4.945575113060166,0.1519098482586274,2160
臺大天文數學館南側,borrow_count,6.174875804451652,3.891014255071699,0.5878581080371824,2136
臺大天文數學館南側,return_count,5.419588827723023,3.3597181378662433,0.6257649273746473,2136
臺大天文數學館南側,net_borrow,5.377535301770761,3.3077131704446527,0.41593202349251346,2136
臺大女九舍西南側,borrow_count,17.53833533543367,10.746164612678468,0.5827053927410015,2160
臺大女九舍西南側,return_count,17.12418018075131,10.396747681386463,0.65274069273361,2160
臺大女九舍西南側,net_borrow,20.435679591256704,12.341424430114479,0.5162112043530728,2160
臺大小小福西南側,borrow_count,2.094167994155775,1.3015517397364313,0.4551148282832178,2136
臺大小小福西南側,return_count,1.7449691081442884,1.1041699403397607,0.5315958685292674,2136
臺大小小福西南側,net_borrow,1.7517244183640062,1.0437332896808753,-0.008973058323653804,2136
臺大小福樓東側,borrow_count,22.845858984980495,12.896731084125674,0.6978678805939478,2136
臺大小福樓東側,return_count,22.01147837483117,12.634273395446286,0.6868706939188605,2136
臺大小福樓東側,net_borrow,9.179828608156571,5.668440815070756,0.47869226581552193,2136
臺大工綜館南側,borrow_count,8.296610264400774,5.547787024948234,0.6544049283248975,2112
臺大工綜館南側,return_count,7.595613920727418,4.835413862536412,0.6921882360513922,2112
臺大工綜館南側,net_borrow,7.931188268362483,5.274749932481699,0.41421743975847103,2112
臺大心理系館南側,borrow_count,5.82319636382391,3.4105051580894012,0.5855436729671086,2136
臺大心理系館南側,return_count,5.084728566063823,3.1071278882731943,0.5973838143437298,2136
臺大心理系館南側,net_borrow,5.939234544705648,3.5834500930011215,0.44676925976682014,2136
臺大思亮館東南側,borrow_count,3.67123633009463,2.253656269975788,0.47424543873915437,2136
臺大思亮館東南側,return_count,3.2738526170572486,2.0212683587988116,0.5548347805003532,2136
臺大思亮館東南側,net_borrow,4.436282036556628,2.730271594768222,0.2721663442446616,2136
臺大教研館北側,borrow_count,4.921537096267913,3.3397678520935328,0.5032036156241693,2160
臺大教研館北側,return_count,3.7832300373109766,2.5953838718101543,0.5862179747966794,2160
臺大教研館北側,net_borrow,3.9164608212596526,2.461899714802757,0.1879210809517109,2160
臺大新生教室南側,borrow_count,8.53205314032491,4.941592501282685,0.553382648995951,2136
臺大新生教室南側,return_count,9.060195308637184,5.119832839401024,0.4470842415941779,2136
臺大新生教室南側,net_borrow,5.412243623925192,3.33961112894447,0.2412178382555461,2136
臺大新體育館東南側,borrow_count,16.29669519989553,10.882092145821131,0.6271523359660289,2136
臺大新體育館東南側,return_count,15.263947155653678,10.150711531298866,0.645099615795866,2136
臺大新體育館東南側,net_borrow,11.963450308519866,7.5267002418901185,0.12976946387552857,2136
臺大明達館北側(員工宿舍),borrow_count,1.8811655721388072,1.3124241146487234,0.29319205335105303,2136
臺大明達館北側(員工宿舍),return_count,1.717159031534336,1.1967295110218212,0.2491948568390464,2136
臺大明達館北側(員工宿舍),net_borrow,2.041970770159994,1.3370388109552795,0.03522115007239002,2136
臺大明達館機車停車場,borrow_count,5.387632951556136,3.338860309036583,0.5034572527088417,2184
臺大明達館機車停車場,return_count,4.970244656658526,3.223936604912374,0.4914845094136877,2184
臺大明達館機車停車場,net_borrow,4.741675220893181,2.818856411629697,-0.007508232171140605,2184
臺大森林館北側,borrow_count,2.8254217512124327,1.8340046136414143,0.49660263568080054,2136
臺大森林館北側,return_count,2.5526384278412872,1.5624850890350648,0.5575868914034279,2136
臺大森林館北側,net_borrow,2.354734595047196,1.492619850142988,0.12655922047390533,2136
臺大椰林小舖,borrow_count,10.704071906668538,7.489924871414173,0.45114845029787964,2232
臺大椰林小舖,return_count,9.60494695511885,6.533478605338095,0.5866121937080548,2232
臺大椰林小舖,net_borrow,8.221399969261666,5.3355871067762575,0.09616088330277184,2232
臺大樂學館東側,borrow_count,13.078642405615483,8.382649360501556,0.6078514302222202,2160
臺大樂學館東側,return_count,12.438982563290159,7.798600220495808,0.6225247505050737,2160
臺大樂學館東側,net_borrow,6.764596577213653,4.1648944347253085,0.09889174150778568,2160
臺大法人語言訓練中心前,borrow_count,4.275859406965496,2.7496885538336886,0.4966848282784422,2160
臺大法人語言訓練中心前,return_count,3.5655471383204747,2.409659161779696,0.6034178433958632,2160
臺大法人語言訓練中心前,net_borrow,4.35637233362525,2.7519351635284885,0.27910170748004914,2160
臺大獸醫館南側,borrow_count,5.708050338282375,3.6688260372783725,0.5418134068748044,2160
臺大獸醫館南側,return_count,5.322399524808615,3.297869125549676,0.6000062348250299,2160
臺大獸醫館南側,net_borrow,6.1659545385951215,3.905702007199586,0.23528101712677485,2160
臺大生命科學館西北側,borrow_count,5.64169091257085,3.855090175460692,0.6067501523326144,2136
臺大生命科學館西北側,return_count,4.727470754855276,2.9225063245976757,0.6939983634175826,2136
臺大生命科學館西北側,net_borrow,4.887386454513221,3.227753412388616,0.0690836235733655,2136
臺大男一舍前,borrow_count,13.268414147672921,9.190951928239873,0.604394679388516,2184
臺大男一舍前,return_count,12.693992173039984,9.214019891298213,0.6167522325357557,2184
臺大男一舍前,net_borrow,9.925368182396598,6.980644619540913,0.42782828295483566,2184
臺大男七舍前,borrow_count,4.717734515287845,3.3775717803422785,0.6163909872504083,2184
臺大男七舍前,return_count,5.038924482020469,3.7476626933195925,0.5381189334703986,2184
臺大男七舍前,net_borrow,4.0400631064664765,2.9078885700641908,0.1702860546986067,2184
臺大男八舍東側,borrow_count,5.905284736464392,4.39285926124814,0.46961455095718296,2184
臺大男八舍東側,return_count,6.169619525990472,4.605231857631797,0.503898074793074,2184
臺大男八舍東側,net_borrow,5.224423005905124,3.5023367875623608,0.41073278514433575,2184
臺大男六舍前,borrow_count,7.317290169565903,4.950444292607088,0.49222960357305656,2208
臺大男六舍前,return_count,8.79173567147399,6.5904057905307845,0.21784537245883984,2208
臺大男六舍前,net_borrow,9.090761875102162,6.540583405912682,0.3726867546030973,2208
臺大社會系館南側,borrow_count,12.47704886049194,7.021108618945166,0.53649305737513,2112
臺大社會系館南側,return_count,10.912753419343078,6.208326754620643,0.6660923162519979,2112
臺大社會系館南側,net_borrow,15.383832979093688,9.217689695196189,0.4639370832942715,2112
臺大社科院圖書館前,borrow_count,6.339096008218205,4.092370165917215,0.6205061768131708,2160
臺大社科院圖書館前,return_count,5.84838048976405,3.878755420444885,0.6427338936053826,2160
臺大社科院圖書館前,net_borrow,4.64726524953873,2.923003952988993,-0.02954301972760809,2160
臺大社科院西側,borrow_count,13.704235197184296,8.426454587740567,0.6820888476015542,2160
臺大社科院西側,return_count,12.740227150943344,7.891783757314431,0.6804924453273757,2160
臺大社科院西側,net_borrow,8.960479170178528,5.503337223099372,0.4482236422262811,2160
臺大禮賢樓東南側,borrow_count,6.4031591264692915,4.140747587391259,0.5129492418272923,2136
臺大禮賢樓東南側,return_count,5.44778393383841,3.417774884948653,0.5659718723678997,2136
臺大禮賢樓東南側,net_borrow,5.589977164433112,3.4315823497213036,0.07558180772903522,2136
臺大立體機車停車場,borrow_count,5.910958822198239,3.786093774084772,0.6560391418498073,2160
臺大立體機車停車場,return_count,5.3814536517137075,3.6027401241867687,0.688837679092348,2160
臺大立體機車停車場,net_borrow,4.589645801425356,2.8176922819257006,0.08469887142466626,2160
臺大第一活動中心西南側,borrow_count,24.32272791142498,14.908623895539185,0.6696106310403891,2184
臺大第一活動中心西南側,return_count,21.209732069693374,13.267157081555704,0.6922012292200899,2184
臺大第一活動中心西南側,net_borrow,13.853008407016908,8.555076825909065,0.47102826680209453,2184
臺大第二行政大樓南側,borrow_count,3.3863490325735843,2.095470349389793,0.572130005347989,2112
臺大第二行政大樓南側,return_count,2.99831935434055,1.8686077959091418,0.6176447201501122,2112
臺大第二行政大樓南側,net_borrow,2.3949859386010233,1.4663259206801023,0.00144137568291558,2112
臺大管理學院二館北側,borrow_count,6.965780073942415,4.503362644532341,0.5184841313834458,2136
臺大管理學院二館北側,return_count,6.864353681784344,4.152639718810431,0.582413627543244,2136
臺大管理學院二館北側,net_borrow,6.284479175155611,3.8727072633653745,0.032097016015283586,2136
臺大綜合體育館停車場前,borrow_count,3.413732363277646,2.2421083119531273,0.3457001189231437,2136
臺大綜合體育館停車場前,return_count,3.5642638610168857,2.2391110190027197,0.3191032035926331,2136
臺大綜合體育館停車場前,net_borrow,4.236093208695007,2.5188062682338384,0.08054306701125025,2136
臺大總圖書館西南側,borrow_count,9.377741125654719,5.784606207794609,0.4849123107498391,2160
臺大總圖書館西南側,return_count,7.591444079453537,4.883979837419818,0.5318085430339483,2160
臺大總圖書館西南側,net_borrow,7.014231805922569,4.3836728346853855,0.3265240067392683,2160
臺大舊體育館西側,borrow_count,10.835474522580883,7.065151441002023,0.4404479953839118,2160
臺大舊體育館西側,return_count,10.161342457289859,6.8330444094761384,0.42967565314132616,2160
臺大舊體育館西側,net_borrow,8.602261485646054,5.445818516805328,0.13460696855886634,2160
臺大萬才館前,borrow_count,3.0979289778099024,2.0675692213349355,0.5092641988928239,2160
臺大萬才館前,return_count,2.5385643963847735,1.7620729290808623,0.44661967829841676,2160
臺大萬才館前,net_borrow,3.1235798138931905,2.0055261337829533,0.1568038035807079,2160
臺大計資中心南側,borrow_count,5.780326549504041,3.3143433925233854,0.5139767063084926,2112
臺大計資中心南側,return_count,5.118725124734553,2.966889283298599,0.6518689836594214,2112
臺大計資中心南側,net_borrow,6.981431576462,4.226702664079156,0.45413573442165156,2112
臺大資訊大樓,borrow_count,6.112967299095587,3.6540166779963466,0.36889764029901095,2160
臺大資訊大樓,return_count,6.20253155848681,3.3250002065082844,0.30352298492527285,2160
臺大資訊大樓,net_borrow,8.250603910776102,4.800473844688096,0.2185494253858662,2160
臺大農化新館西側,borrow_count,3.7432664442992856,2.8221922015779217,0.5216049393713381,2160
臺大農化新館西側,return_count,3.555870785801931,2.6725900287394744,0.5547043025727271,2160
臺大農化新館西側,net_borrow,2.5142153517700763,1.8115096480508077,-0.005117493390097927,2160
臺大農業陳列館北側,borrow_count,9.070406518155236,6.39250298228597,0.37441092372997387,2160
臺大農業陳列館北側,return_count,7.774938660452695,5.350350875992757,0.6019148166905175,2160
臺大農業陳列館北側,net_borrow,7.37127565813204,4.952007608584014,0.19376191743721172,2160
臺大鄭江樓北側,borrow_count,7.118074374522484,4.341944098359056,0.4782016274687676,2184
臺大鄭江樓北側,return_count,6.213485199274234,3.598802324102738,0.5522537087963013,2184
臺大鄭江樓北側,net_borrow,6.68672997986162,3.9316709904492124,0.05628511180109974,2184
臺大電機二館東南側,borrow_count,5.030383209210236,3.2740028464420345,0.6097268765734761,2160
臺大電機二館東南側,return_count,4.831173043201257,3.105058783673606,0.6363183800951098,2160
臺大電機二館東南側,net_borrow,3.8437050558406094,2.3876002026539154,0.07419662283053208,2160
臺大鹿鳴堂東側,borrow_count,10.692869405004231,6.720103877385257,0.6003195351230318,2136
臺大鹿鳴堂東側,return_count,7.3873674146429575,4.565876733962824,0.6534731860118383,2136
臺大鹿鳴堂東側,net_borrow,8.164688836734308,4.931884382760582,0.2282627439076632,2136
臺大黑森林西側,borrow_count,8.217643616881281,5.316823120628694,0.6045936428586186,2184
臺大黑森林西側,return_count,8.03558004794258,5.357551474725312,0.5649123682694508,2184
臺大黑森林西側,net_borrow,6.33891426678126,3.9773303499571844,0.12344012277876515,2184
臺灣科技大學側門,borrow_count,19.85214518690466,12.68489943323481,0.5979896185693876,2136
臺灣科技大學側門,return_count,15.306129879851847,10.460058942783274,0.6462555141869244,2136
臺灣科技大學側門,net_borrow,18.05925581482344,11.193155937898087,0.37424161835391356,2136
臺灣科技大學正門,borrow_count,7.496808805188501,4.526729278859148,0.4602003204466264,2160
臺灣科技大學正門,return_count,5.183142563593555,3.4702957217956305,0.5652130834654117,2160
臺灣科技大學正門,net_borrow,7.542226586039141,4.665305461112925,0.3322931251112843,2160
辛亥復興路口西北側,borrow_count,8.567051272481065,5.700376048663894,0.656360672987971,2136
辛亥復興路口西北側,return_count,8.308270120114845,5.728828680208168,0.6446291595318843,2136
辛亥復興路口西北側,net_borrow,3.900033285700171,2.6662609110728868,0.018795142485025007,2136
辛亥新生路口東南側,borrow_count,5.8520107503548,4.119422087718518,0.31361365328681035,2160
辛亥新生路口東南側,return_count,5.107476241562863,3.6017560283643753,0.4091166682023222,2160
辛亥新生路口東南側,net_borrow,5.234376283574025,3.4719145430210783,0.11280054565823605,2160
銘傳國小側門,borrow_count,4.822142727913201,3.392560881534681,0.5555911783415513,2136
銘傳國小側門,return_count,4.644609625445867,3.2223831759899806,0.57408319947312,2136
銘傳國小側門,net_borrow,2.156134655503913,1.5010817178117344,0.038849579630277686,2136
