station,target,R2_12m,RMSE_12m,MAE_12m,test_n,model_path
基隆長興路口,borrow_count,0.32008659510570703,6.838432061215487,4.590730028962341,743,models/model_基隆長興路口_borrow_count.rds
基隆長興路口,return_count,-0.23268192969678725,5.3093339729521825,3.944031409101604,743,models/model_基隆長興路口_return_count.rds
基隆長興路口,net_borrow,0.36024830387086526,7.524918799244896,5.6650927705241925,743,models/model_基隆長興路口_net_borrow.rds
基隆長興路口東側,borrow_count,0.5184675752017354,5.134737990014021,3.9514301117196515,743,models/model_基隆長興路口東側_borrow_count.rds
基隆長興路口東側,return_count,0.48152714815362685,5.068432263875608,3.9656829182204185,743,models/model_基隆長興路口東側_return_count.rds
基隆長興路口東側,net_borrow,0.11616515948708173,3.361478292067519,2.3615034175117233,743,models/model_基隆長興路口東側_net_borrow.rds
捷運公館站(1號出口),borrow_count,0.6320225716934493,6.258439023776029,4.7779700344188605,743,models/model_捷運公館站(1號出口)_borrow_count.rds
捷運公館站(1號出口),return_count,0.63999337236106,5.738716179319335,4.3051100723513365,743,models/model_捷運公館站(1號出口)_return_count.rds
捷運公館站(1號出口),net_borrow,0.19758633792479208,3.8165403795462987,2.7350335043466543,743,models/model_捷運公館站(1號出口)_net_borrow.rds
捷運公館站(2號出口),borrow_count,0.6347210143134476,31.32197390826625,24.43322178060951,743,models/model_捷運公館站(2號出口)_borrow_count.rds
捷運公館站(2號出口),return_count,0.7140395227406402,37.16701447515934,27.072450196109248,743,models/model_捷運公館站(2號出口)_return_count.rds
捷運公館站(2號出口),net_borrow,0.5332803981035912,30.777827098290093,21.03293640289187,743,models/model_捷運公館站(2號出口)_net_borrow.rds
捷運公館站(3號出口),borrow_count,0.5292281882327208,24.757348403420412,18.68516007976182,743,models/model_捷運公館站(3號出口)_borrow_count.rds
捷運公館站(3號出口),return_count,0.7328727397403296,27.06755481030465,18.21956052541361,743,models/model_捷運公館站(3號出口)_return_count.rds
捷運公館站(3號出口),net_borrow,0.5781344535686257,24.331103195101697,17.318232921606906,743,models/model_捷運公館站(3號出口)_net_borrow.rds
捷運公館站(4號出口),borrow_count,0.47385436013667437,6.274415246696368,4.712378237906239,743,models/model_捷運公館站(4號出口)_borrow_count.rds
捷運公館站(4號出口),return_count,0.5312259421078633,5.600017230105976,4.120278815442962,743,models/model_捷運公館站(4號出口)_return_count.rds
捷運公館站(4號出口),net_borrow,0.07561027004025689,3.5755936277832645,2.5237364676001595,743,models/model_捷運公館站(4號出口)_net_borrow.rds
新生南路三段52號前,borrow_count,0.3840057089208342,3.139011914945459,2.430814791580169,743,models/model_新生南路三段52號前_borrow_count.rds
新生南路三段52號前,return_count,0.5160629163874613,3.2160309087947434,2.4385292370805502,743,models/model_新生南路三段52號前_return_count.rds
新生南路三段52號前,net_borrow,0.19317211652144584,3.218591645434651,2.3459702458475378,743,models/model_新生南路三段52號前_net_borrow.rds
新生南路三段66號前,borrow_count,0.617692943284031,5.377842918444051,3.811547244462132,743,models/model_新生南路三段66號前_borrow_count.rds
新生南路三段66號前,return_count,0.7166933241170317,4.632112325093608,3.2795014518532346,743,models/model_新生南路三段66號前_return_count.rds
新生南路三段66號前,net_borrow,0.11424769214238362,3.986332948326073,2.722579030652763,743,models/model_新生南路三段66號前_net_borrow.rds
新生南路三段82號前,borrow_count,0.5602469425206047,7.539472463096979,5.597370610158339,743,models/model_新生南路三段82號前_borrow_count.rds
新生南路三段82號前,return_count,0.7102217271712536,6.150884249982171,4.498383953262618,743,models/model_新生南路三段82號前_return_count.rds
新生南路三段82號前,net_borrow,0.1609638711413336,5.332287122216555,3.8060041699823506,743,models/model_新生南路三段82號前_net_borrow.rds
新生南路三段94巷口,borrow_count,0.5590584360354455,6.207539200467984,4.4318444835083985,743,models/model_新生南路三段94巷口_borrow_count.rds
新生南路三段94巷口,return_count,0.6449948074928792,5.3906297413852755,3.9184234767714092,743,models/model_新生南路三段94巷口_return_count.rds
新生南路三段94巷口,net_borrow,0.07498452499170949,3.7882852740245694,2.7309677914002526,743,models/model_新生南路三段94巷口_net_borrow.rds
第二學生活動中心,borrow_count,0.5430073518404679,5.777179115130002,4.26632980251272,743,models/model_第二學生活動中心_borrow_count.rds
第二學生活動中心,return_count,0.6173837111263071,5.2593150283925585,3.827173909158853,743,models/model_第二學生活動中心_return_count.rds
第二學生活動中心,net_borrow,0.08971327548483365,4.827857062214399,3.455493684602313,743,models/model_第二學生活動中心_net_borrow.rds
臺大一號館,borrow_count,0.4034920031255427,5.4983457659807735,4.0658564826623005,743,models/model_臺大一號館_borrow_count.rds
臺大一號館,return_count,0.5788547787879545,4.207054851588712,3.0298254921804078,743,models/model_臺大一號館_return_count.rds
臺大一號館,net_borrow,0.14947604126916747,4.874754143161891,3.2160898580487904,743,models/model_臺大一號館_net_borrow.rds
臺大二號館,borrow_count,0.43269106896618803,3.4281452069384666,2.257553300097959,743,models/model_臺大二號館_borrow_count.rds
臺大二號館,return_count,0.4521083905068233,3.2085794184716647,2.0576641699204106,743,models/model_臺大二號館_return_count.rds
臺大二號館,net_borrow,-0.03319821058193395,2.0676639652250444,1.2867834625559056,743,models/model_臺大二號館_net_borrow.rds
臺大五號館西側,borrow_count,0.6233272133064632,6.445213598815724,3.836243407229946,743,models/model_臺大五號館西側_borrow_count.rds
臺大五號館西側,return_count,0.6590518175324237,5.812564906330956,3.2648602955499504,743,models/model_臺大五號館西側_return_count.rds
臺大五號館西側,net_borrow,0.030291115783789624,4.621608199780901,2.8701444972868977,743,models/model_臺大五號館西側_net_borrow.rds
臺大公館停車場西北側,borrow_count,0.2570357162777789,1.897120949860772,1.443726664882083,743,models/model_臺大公館停車場西北側_borrow_count.rds
臺大公館停車場西北側,return_count,0.3895663028580545,1.4037401535695329,1.0656686143850183,743,models/model_臺大公館停車場西北側_return_count.rds
臺大公館停車場西北側,net_borrow,0.1414563337776077,1.9886368573833164,1.3445518881208431,743,models/model_臺大公館停車場西北側_net_borrow.rds
臺大共同教室東南側,borrow_count,0.5359218112816642,7.40912202446096,4.5966866063786425,743,models/model_臺大共同教室東南側_borrow_count.rds
臺大共同教室東南側,return_count,0.5682269198120393,7.085326160490163,4.288772699522844,743,models/model_臺大共同教室東南側_return_count.rds
臺大共同教室東南側,net_borrow,-0.021804113646951784,2.7783435618981294,1.7035839390218515,743,models/model_臺大共同教室東南側_net_borrow.rds
臺大凝態館南側,borrow_count,0.7216117259098349,4.579694012850177,3.048240253023397,743,models/model_臺大凝態館南側_borrow_count.rds
臺大凝態館南側,return_count,0.6997208524512315,4.4880207018069616,2.9959190408184324,743,models/model_臺大凝態館南側_return_count.rds
臺大凝態館南側,net_borrow,0.1784748615533065,4.390642942739973,2.7287213749428854,743,models/model_臺大凝態館南側_net_borrow.rds
臺大動物醫院前,borrow_count,0.6554619636791358,3.6899430629630503,2.5876764611404446,743,models/model_臺大動物醫院前_borrow_count.rds
臺大動物醫院前,return_count,0.6322876376859403,3.5817129922587845,2.484717705982464,743,models/model_臺大動物醫院前_return_count.rds
臺大動物醫院前,net_borrow,0.12093346561984597,3.4833452759406947,2.269173515713728,743,models/model_臺大動物醫院前_net_borrow.rds
臺大博理館西側,borrow_count,0.6565913960445497,5.2236679414629545,3.749999736826564,743,models/model_臺大博理館西側_borrow_count.rds
臺大博理館西側,return_count,0.7245947960644663,5.142515320053814,3.2849501117155278,743,models/model_臺大博理館西側_return_count.rds
臺大博理館西側,net_borrow,0.40417917942009174,5.881456424228646,3.973744418579767,743,models/model_臺大博理館西側_net_borrow.rds
臺大博雅館西側,borrow_count,0.2701982283053901,7.093684344697032,4.338772145698671,743,models/model_臺大博雅館西側_borrow_count.rds
臺大博雅館西側,return_count,0.1628507804871302,8.968946679011125,5.4078798283546226,743,models/model_臺大博雅館西側_return_count.rds
臺大博雅館西側,net_borrow,0.21296844973933537,9.930347299001546,6.142363750115302,743,models/model_臺大博雅館西側_net_borrow.rds
臺大原分所北側,borrow_count,0.601116832353257,2.704402220020973,1.7136284914074849,743,models/model_臺大原分所北側_borrow_count.rds
臺大原分所北側,return_count,0.6163295080847911,2.6646190068490605,1.738009462902141,743,models/model_臺大原分所北側_return_count.rds
臺大原分所北側,net_borrow,0.3023115079880523,2.54064773199889,1.555256017071777,743,models/model_臺大原分所北側_net_borrow.rds
臺大四號館東北側,borrow_count,0.38048285736209164,1.926028625472162,1.3111583068371133,743,models/model_臺大四號館東北側_borrow_count.rds
臺大四號館東北側,return_count,0.430416182426557,1.723007263386954,1.0624297268137648,743,models/model_臺大四號館東北側_return_count.rds
臺大四號館東北側,net_borrow,-0.025328394331187276,1.8651186548787475,1.1225309338374994,743,models/model_臺大四號館東北側_net_borrow.rds
臺大國青大樓宿舍前,borrow_count,0.34301157115251546,4.177266880684541,3.1897727617086464,743,models/model_臺大國青大樓宿舍前_borrow_count.rds
臺大國青大樓宿舍前,return_count,0.3152490204984648,4.024441684838794,3.1794805143770897,743,models/model_臺大國青大樓宿舍前_return_count.rds
臺大國青大樓宿舍前,net_borrow,-0.00887098453220947,3.425873486803612,2.487801125332481,743,models/model_臺大國青大樓宿舍前_net_borrow.rds
臺大圖資系館北側,borrow_count,0.4761360517709057,9.540737264639882,5.877753271740735,743,models/model_臺大圖資系館北側_borrow_count.rds
臺大圖資系館北側,return_count,0.5605965952133148,7.998789459842506,5.026554619996272,743,models/model_臺大圖資系館北側_return_count.rds
臺大圖資系館北側,net_borrow,0.4550943651168051,9.622252120570762,5.8844503738588845,743,models/model_臺大圖資系館北側_net_borrow.rds
臺大土木系館,borrow_count,0.48368930703951785,4.5616694218971965,2.853304818250517,743,models/model_臺大土木系館_borrow_count.rds
臺大土木系館,return_count,0.5538085602395979,4.110856800861467,2.6017297737403973,743,models/model_臺大土木系館_return_count.rds
臺大土木系館,net_borrow,0.34528810385375386,4.740462276623007,2.915939853407,743,models/model_臺大土木系館_net_borrow.rds
臺大大一女舍北側,borrow_count,0.44130031971579486,5.918816135312,4.571748279690382,743,models/model_臺大大一女舍北側_borrow_count.rds
臺大大一女舍北側,return_count,0.6481977038745725,6.255765166710549,4.173156397892556,743,models/model_臺大大一女舍北側_return_count.rds
臺大大一女舍北側,net_borrow,0.3490214275449268,6.507850373622657,4.448941195514572,743,models/model_臺大大一女舍北側_net_borrow.rds
臺大天文數學館南側,borrow_count,0.6741073542934982,5.116799990580113,3.2602412538446384,743,models/model_臺大天文數學館南側_borrow_count.rds
臺大天文數學館南側,return_count,0.7197419364628828,4.324442195680853,2.825245817094857,743,models/model_臺大天文數學館南側_return_count.rds
臺大天文數學館南側,net_borrow,0.5487250043411569,5.096061657135952,3.3196759630637858,743,models/model_臺大天文數學館南側_net_borrow.rds
臺大女九舍西南側,borrow_count,0.5783865543028359,14.836283180928314,8.973357335433278,743,models/model_臺大女九舍西南側_borrow_count.rds
臺大女九舍西南側,return_count,0.5897478326038352,14.23668761173029,9.173561726402243,743,models/model_臺大女九舍西南側_return_count.rds
臺大女九舍西南側,net_borrow,0.5057473700262642,17.30372778091001,10.223452801701422,743,models/model_臺大女九舍西南側_net_borrow.rds
臺大小小福西南側,borrow_count,0.45560694873009133,1.810743343721966,1.1727190021287779,743,models/model_臺大小小福西南側_borrow_count.rds
臺大小小福西南側,return_count,0.567505753486564,1.3903617838152023,0.9072215146532792,743,models/model_臺大小小福西南側_return_count.rds
臺大小小福西南側,net_borrow,0.014441836679207842,1.6002151249421435,0.9918546973066239,743,models/model_臺大小小福西南側_net_borrow.rds
臺大小福樓東側,borrow_count,0.6163740405255291,18.283266483116638,10.805599238555367,743,models/model_臺大小福樓東側_borrow_count.rds
臺大小福樓東側,return_count,0.5831256692025665,17.828558731267044,10.704438440947284,743,models/model_臺大小福樓東側_return_count.rds
臺大小福樓東側,net_borrow,0.5281609007538923,8.29202439232087,5.185655775106386,743,models/model_臺大小福樓東側_net_borrow.rds
臺大工綜館南側,borrow_count,0.6771231307143433,7.19742345673955,5.072682732359783,743,models/model_臺大工綜館南側_borrow_count.rds
臺大工綜館南側,return_count,0.7190803846532022,6.4504132379031605,4.284612214377459,743,models/model_臺大工綜館南側_return_count.rds
臺大工綜館南側,net_borrow,0.4692484548933388,6.956255462461366,4.748941686936626,743,models/model_臺大工綜館南側_net_borrow.rds
臺大心理系館南側,borrow_count,0.6581906256737641,4.602191401257687,2.8043943376122273,743,models/model_臺大心理系館南側_borrow_count.rds
臺大心理系館南側,return_count,0.7175392147364085,3.95202072443921,2.5892303802052012,743,models/model_臺大心理系館南側_return_count.rds
臺大心理系館南側,net_borrow,0.5782092750356194,5.054223312758883,3.097037407841683,743,models/model_臺大心理系館南側_net_borrow.rds
臺大思亮館東南側,borrow_count,0.4160905734165754,3.204108433868946,2.004108724211806,743,models/model_臺大思亮館東南側_borrow_count.rds
臺大思亮館東南側,return_count,0.5622414564862477,2.903872639044861,1.7652683833812504,743,models/model_臺大思亮館東南側_return_count.rds
臺大思亮館東南側,net_borrow,0.3921555805207593,3.9700211891327335,2.3442667386894085,743,models/model_臺大思亮館東南側_net_borrow.rds
臺大教研館北側,borrow_count,0.5305178150476211,4.592652156216454,3.1274127661285274,743,models/model_臺大教研館北側_borrow_count.rds
臺大教研館北側,return_count,0.6264344146242503,3.3751391541035645,2.352451070677154,743,models/model_臺大教研館北側_return_count.rds
臺大教研館北側,net_borrow,0.17615628294439967,4.085131191832244,2.674777108522086,743,models/model_臺大教研館北側_net_borrow.rds
臺大新生教室南側,borrow_count,0.35581710793611654,7.582628978922553,4.433460356898789,743,models/model_臺大新生教室南側_borrow_count.rds
臺大新生教室南側,return_count,0.24827496554436057,7.567104020116896,4.504561505122999,743,models/model_臺大新生教室南側_return_count.rds
臺大新生教室南側,net_borrow,0.21216272716355922,4.67727347073994,2.8826650952912067,743,models/model_臺大新生教室南側_net_borrow.rds
臺大新體育館東南側,borrow_count,0.6024540262707913,13.61652004146545,9.194156381477987,743,models/model_臺大新體育館東南側_borrow_count.rds
臺大新體育館東南側,return_count,0.5757942196717691,13.155214707720729,9.247054745703247,743,models/model_臺大新體育館東南側_return_count.rds
臺大新體育館東南側,net_borrow,0.1961657651317834,10.592878415499849,6.54859213440352,743,models/model_臺大新體育館東南側_net_borrow.rds
臺大明達館北側(員工宿舍),borrow_count,0.3157069741768429,2.152198888205699,1.502219936500024,743,models/model_臺大明達館北側(員工宿舍)_borrow_count.rds
臺大明達館北側(員工宿舍),return_count,0.27240820425301104,1.7697574868022106,1.2293686592712458,743,models/model_臺大明達館北側(員工宿舍)_return_count.rds
臺大明達館北側(員工宿舍),net_borrow,0.057640162728232025,2.3395756293297425,1.545174063098642,743,models/model_臺大明達館北側(員工宿舍)_net_borrow.rds
臺大明達館機車停車場,borrow_count,0.47712943605192515,4.725721247400976,3.0490874003040456,743,models/model_臺大明達館機車停車場_borrow_count.rds
臺大明達館機車停車場,return_count,0.442496774762811,4.299926178017394,2.888303812050761,743,models/model_臺大明達館機車停車場_return_count.rds
臺大明達館機車停車場,net_borrow,-0.006982305532880373,4.588210131569274,2.7498007924209498,743,models/model_臺大明達館機車停車場_net_borrow.rds
臺大森林館北側,borrow_count,0.5502111462680686,2.351817715231656,1.5488072643194617,743,models/model_臺大森林館北側_borrow_count.rds
臺大森林館北側,return_count,0.5745749448453061,2.274117200271182,1.3978340624378494,743,models/model_臺大森林館北側_return_count.rds
臺大森林館北側,net_borrow,0.19595311103975588,2.1538757008458913,1.395866073989565,743,models/model_臺大森林館北側_net_borrow.rds
臺大椰林小舖,borrow_count,0.5126505820954053,7.892052752603409,5.996380455352663,743,models/model_臺大椰林小舖_borrow_count.rds
臺大椰林小舖,return_count,0.6110596932794652,8.083653640603396,5.664790454316846,743,models/model_臺大椰林小舖_return_count.rds
臺大椰林小舖,net_borrow,0.20656278656881466,6.835561428168423,4.757278786981713,743,models/model_臺大椰林小舖_net_borrow.rds
臺大樂學館東側,borrow_count,0.4839163744764373,11.3962568584491,7.569952571019407,743,models/model_臺大樂學館東側_borrow_count.rds
臺大樂學館東側,return_count,0.5131445571510648,10.818788034442676,6.964689626235574,743,models/model_臺大樂學館東側_return_count.rds
臺大樂學館東側,net_borrow,0.03906944889048802,6.0193151839297165,3.733670097246833,743,models/model_臺大樂學館東側_net_borrow.rds
臺大法人語言訓練中心前,borrow_count,0.5195546051315814,4.524340459366588,2.70274847230722,743,models/model_臺大法人語言訓練中心前_borrow_count.rds
臺大法人語言訓練中心前,return_count,0.6292708432086929,3.704065085349428,2.395770882348027,743,models/model_臺大法人語言訓練中心前_return_count.rds
臺大法人語言訓練中心前,net_borrow,0.3707907662309379,5.306479434804331,3.237693630031931,743,models/model_臺大法人語言訓練中心前_net_borrow.rds
臺大獸醫館南側,borrow_count,0.5892827382299434,5.1369942924354,3.2409602876616477,743,models/model_臺大獸醫館南側_borrow_count.rds
臺大獸醫館南側,return_count,0.6629196411415594,4.1430995950189535,2.4899613266916822,743,models/model_臺大獸醫館南側_return_count.rds
臺大獸醫館南側,net_borrow,0.3890341086793525,5.6039447979446955,3.4564151488231967,743,models/model_臺大獸醫館南側_net_borrow.rds
臺大生命科學館西北側,borrow_count,0.5755179335462925,5.105953537373152,3.5478318768761814,743,models/model_臺大生命科學館西北側_borrow_count.rds
臺大生命科學館西北側,return_count,0.6671363796945979,4.344239499040642,2.6888582062270583,743,models/model_臺大生命科學館西北側_return_count.rds
臺大生命科學館西北側,net_borrow,0.15067477015014297,4.855612169763037,3.2073926718807377,743,models/model_臺大生命科學館西北側_net_borrow.rds
臺大男一舍前,borrow_count,0.6263411320754999,10.451084526092723,7.750540925767285,743,models/model_臺大男一舍前_borrow_count.rds
臺大男一舍前,return_count,0.573659866881018,10.806411648197061,8.09035771143182,743,models/model_臺大男一舍前_return_count.rds
臺大男一舍前,net_borrow,0.3125699371889491,9.053405377120965,6.698013870707312,743,models/model_臺大男一舍前_net_borrow.rds
臺大男七舍前,borrow_count,0.6644996252848397,3.981562411886582,2.943200597272965,743,models/model_臺大男七舍前_borrow_count.rds
臺大男七舍前,return_count,0.48058907009114615,4.725799265093691,3.6285572351712196,743,models/model_臺大男七舍前_return_count.rds
臺大男七舍前,net_borrow,0.12355995350601556,4.31295300054278,3.184576489657573,743,models/model_臺大男七舍前_net_borrow.rds
臺大男八舍東側,borrow_count,0.4751396402405744,5.7452462272585185,4.343210644181563,743,models/model_臺大男八舍東側_borrow_count.rds
臺大男八舍東側,return_count,0.47948404424598046,5.995276749657306,4.538874261590489,743,models/model_臺大男八舍東側_return_count.rds
臺大男八舍東側,net_borrow,0.42702724549087434,5.217661811065521,3.6364318155839346,743,models/model_臺大男八舍東側_net_borrow.rds
臺大男六舍前,borrow_count,0.42283128271929193,6.331063184268366,4.00563051710209,743,models/model_臺大男六舍前_borrow_count.rds
臺大男六舍前,return_count,0.06793194920679524,8.060078205231362,6.221183169035552,743,models/model_臺大男六舍前_return_count.rds
臺大男六舍前,net_borrow,0.26981057470054537,8.290021114428146,5.731293254433993,743,models/model_臺大男六舍前_net_borrow.rds
臺大社會系館南側,borrow_count,0.5888683730363127,10.32305182755223,5.586874201930576,743,models/model_臺大社會系館南側_borrow_count.rds
臺大社會系館南側,return_count,0.6019191400032688,9.315217118534067,5.323175036758062,743,models/model_臺大社會系館南側_return_count.rds
臺大社會系館南側,net_borrow,0.5299260826198501,12.423144144954586,6.9953675375726965,743,models/model_臺大社會系館南側_net_borrow.rds
臺大社科院圖書館前,borrow_count,0.6300861325820026,5.502787961612799,3.5771652049210103,743,models/model_臺大社科院圖書館前_borrow_count.rds
臺大社科院圖書館前,return_count,0.6392492861326692,5.142799688764223,3.497834445315317,743,models/model_臺大社科院圖書館前_return_count.rds
臺大社科院圖書館前,net_borrow,0.11450716689814999,4.217329433353646,2.5092959511192166,743,models/model_臺大社科院圖書館前_net_borrow.rds
臺大社科院西側,borrow_count,0.7066492363783368,11.088655346850645,6.908862903819195,743,models/model_臺大社科院西側_borrow_count.rds
臺大社科院西側,return_count,0.667491623903684,11.202863525023778,7.288226092672485,743,models/model_臺大社科院西側_return_count.rds
臺大社科院西側,net_borrow,0.5144670216591509,8.52638993633796,5.333721324231275,743,models/model_臺大社科院西側_net_borrow.rds
臺大禮賢樓東南側,borrow_count,0.5489323350871265,5.256259389935898,3.5708469738133557,743,models/model_臺大禮賢樓東南側_borrow_count.rds
臺大禮賢樓東南側,return_count,0.602041247152056,4.513217993128892,2.846526622444461,743,models/model_臺大禮賢樓東南側_return_count.rds
臺大禮賢樓東南側,net_borrow,0.09034431428216239,4.6459434085412195,3.0504532608475867,743,models/model_臺大禮賢樓東南側_net_borrow.rds
臺大立體機車停車場,borrow_count,0.7484826405192435,4.786609974451149,3.129798879551192,743,models/model_臺大立體機車停車場_borrow_count.rds
臺大立體機車停車場,return_count,0.755470303896292,4.585912839062378,3.0947687508859096,743,models/model_臺大立體機車停車場_return_count.rds
臺大立體機車停車場,net_borrow,0.1729992037829231,4.321517900371597,2.8031162612788645,743,models/model_臺大立體機車停車場_net_borrow.rds
臺大第一活動中心西南側,borrow_count,0.7005777992182691,20.659259906550517,13.260979247000307,743,models/model_臺大第一活動中心西南側_borrow_count.rds
臺大第一活動中心西南側,return_count,0.7133552496432247,17.805308646830927,11.96441331860369,743,models/model_臺大第一活動中心西南側_return_count.rds
臺大第一活動中心西南側,net_borrow,0.6205271718768222,11.93257678057659,7.598058110527389,743,models/model_臺大第一活動中心西南側_net_borrow.rds
臺大第二行政大樓南側,borrow_count,0.5779146203738403,3.51305699963837,2.090683635699664,743,models/model_臺大第二行政大樓南側_borrow_count.rds
臺大第二行政大樓南側,return_count,0.6544081940113085,2.773517824277209,1.7904149601719528,743,models/model_臺大第二行政大樓南側_return_count.rds
臺大第二行政大樓南側,net_borrow,0.01699012528741828,2.5062364224803506,1.4562578073951589,743,models/model_臺大第二行政大樓南側_net_borrow.rds
臺大管理學院二館北側,borrow_count,0.4591459069085624,5.905576688841842,3.9915740408082137,743,models/model_臺大管理學院二館北側_borrow_count.rds
臺大管理學院二館北側,return_count,0.5009955293153949,6.112332663121049,3.8216274381158533,743,models/model_臺大管理學院二館北側_return_count.rds
臺大管理學院二館北側,net_borrow,0.061000230520507515,5.476071061535281,3.4485537390339336,743,models/model_臺大管理學院二館北側_net_borrow.rds
臺大綜合體育館停車場前,borrow_count,0.286302922350248,3.4826055430608402,2.199948690860395,743,models/model_臺大綜合體育館停車場前_borrow_count.rds
臺大綜合體育館停車場前,return_count,0.3158157818199768,3.2128337346690614,2.0418956916722215,743,models/model_臺大綜合體育館停車場前_return_count.rds
臺大綜合體育館停車場前,net_borrow,0.12484377966558224,3.6806355721483626,2.206742344592937,743,models/model_臺大綜合體育館停車場前_net_borrow.rds
臺大總圖書館西南側,borrow_count,0.6084776762651262,7.175131707220985,4.559225484442961,743,models/model_臺大總圖書館西南側_borrow_count.rds
臺大總圖書館西南側,return_count,0.6566926830836778,5.397937143162741,3.844833206445853,743,models/model_臺大總圖書館西南側_return_count.rds
臺大總圖書館西南側,net_borrow,0.4778694476975256,6.3662212360163855,3.877852497657136,743,models/model_臺大總圖書館西南側_net_borrow.rds
臺大舊體育館西側,borrow_count,0.3999060218101229,9.269691254093459,6.395700117721541,743,models/model_臺大舊體育館西側_borrow_count.rds
臺大舊體育館西側,return_count,0.3817925110167384,8.970538510283493,6.006673027815166,743,models/model_臺大舊體育館西側_return_count.rds
臺大舊體育館西側,net_borrow,0.11180834888689306,8.439304835889269,5.350620215988859,743,models/model_臺大舊體育館西側_net_borrow.rds
臺大萬才館前,borrow_count,0.3914135234120879,2.71993126899789,1.8647551027818043,743,models/model_臺大萬才館前_borrow_count.rds
臺大萬才館前,return_count,0.36550320062869934,2.5502023723787848,1.8150858645531733,743,models/model_臺大萬才館前_return_count.rds
臺大萬才館前,net_borrow,0.0887538478311275,2.8141480516388357,1.819400786423259,743,models/model_臺大萬才館前_net_borrow.rds
臺大計資中心南側,borrow_count,0.5024356952496231,5.273958019072842,3.035536117329063,743,models/model_臺大計資中心南側_borrow_count.rds
臺大計資中心南側,return_count,0.5774217334674067,5.189082305201567,2.9103729645819345,743,models/model_臺大計資中心南側_return_count.rds
臺大計資中心南側,net_borrow,0.4841105085720768,5.9148267783048,3.2826497285702314,743,models/model_臺大計資中心南側_net_borrow.rds
臺大資訊大樓,borrow_count,0.4949733831125307,5.227209172661885,2.9983542996675294,743,models/model_臺大資訊大樓_borrow_count.rds
臺大資訊大樓,return_count,0.30115296812753023,5.563563714016724,2.9521730010630467,743,models/model_臺大資訊大樓_return_count.rds
臺大資訊大樓,net_borrow,0.3399665899534856,7.314314385546002,4.0779264073381505,743,models/model_臺大資訊大樓_net_borrow.rds
臺大農化新館西側,borrow_count,0.31647222298939337,3.635353129446725,2.7578552569719226,743,models/model_臺大農化新館西側_borrow_count.rds
臺大農化新館西側,return_count,0.3179290105296365,3.604048865397713,2.6993246807321167,743,models/model_臺大農化新館西側_return_count.rds
臺大農化新館西側,net_borrow,-0.015105223234487486,2.4848945792900277,1.8067748831786026,743,models/model_臺大農化新館西側_net_borrow.rds
臺大農業陳列館北側,borrow_count,0.44733220657717665,7.347755933498842,5.248655344032424,743,models/model_臺大農業陳列館北側_borrow_count.rds
臺大農業陳列館北側,return_count,0.6384466312031096,7.414317863002948,5.150641506480882,743,models/model_臺大農業陳列館北側_return_count.rds
臺大農業陳列館北側,net_borrow,0.30855233075021304,7.145394217500165,4.810942017073498,743,models/model_臺大農業陳列館北側_net_borrow.rds
臺大鄭江樓北側,borrow_count,0.4958619192227389,6.244941178349293,3.987119852628984,743,models/model_臺大鄭江樓北側_borrow_count.rds
臺大鄭江樓北側,return_count,0.6264424705488115,4.6264509253359885,2.7583704104036615,743,models/model_臺大鄭江樓北側_return_count.rds
臺大鄭江樓北側,net_borrow,0.19824184501912323,5.9658257557143575,3.6642970682898732,743,models/model_臺大鄭江樓北側_net_borrow.rds
臺大電機二館東南側,borrow_count,0.5880772410082447,4.237672482912267,2.935704453603466,743,models/model_臺大電機二館東南側_borrow_count.rds
臺大電機二館東南側,return_count,0.6095919556508227,4.119279827115987,2.7334715636948674,743,models/model_臺大電機二館東南側_return_count.rds
臺大電機二館東南側,net_borrow,0.10835686102838726,3.528940924527517,2.310698183258388,743,models/model_臺大電機二館東南側_net_borrow.rds
臺大鹿鳴堂東側,borrow_count,0.5556962795536486,8.43081010838798,5.948425676057117,743,models/model_臺大鹿鳴堂東側_borrow_count.rds
臺大鹿鳴堂東側,return_count,0.6765250920924604,5.320552662060036,3.5061084340725874,743,models/model_臺大鹿鳴堂東側_return_count.rds
臺大鹿鳴堂東側,net_borrow,0.13587830986031846,7.16482185969719,4.849645053036667,743,models/model_臺大鹿鳴堂東側_net_borrow.rds
臺大黑森林西側,borrow_count,0.5537381388835116,7.428088045910161,4.955974131385024,743,models/model_臺大黑森林西側_borrow_count.rds
臺大黑森林西側,return_count,0.490822694828863,7.4103240887808335,4.954130029055965,743,models/model_臺大黑森林西側_return_count.rds
臺大黑森林西側,net_borrow,0.027875722848087814,5.577830768071323,3.549482219059089,743,models/model_臺大黑森林西側_net_borrow.rds
臺灣科技大學側門,borrow_count,0.5965600574310497,16.126145131434704,10.84813522365653,743,models/model_臺灣科技大學側門_borrow_count.rds
臺灣科技大學側門,return_count,0.6328476719839933,13.053822008046964,9.604254227772314,743,models/model_臺灣科技大學側門_return_count.rds
臺灣科技大學側門,net_borrow,0.2871704496029258,15.511139403066913,10.244376381305601,743,models/model_臺灣科技大學側門_net_borrow.rds
臺灣科技大學正門,borrow_count,0.53276353887155,6.676203779370287,4.0391914620601765,743,models/model_臺灣科技大學正門_borrow_count.rds
臺灣科技大學正門,return_count,0.5579184215802415,4.875883982226105,3.2421371565432713,743,models/model_臺灣科技大學正門_return_count.rds
臺灣科技大學正門,net_borrow,0.39754265226602603,7.1824096575453895,4.361301655725949,743,models/model_臺灣科技大學正門_net_borrow.rds
辛亥復興路口西北側,borrow_count,0.7181443801850492,7.176516068387108,4.8943919089179095,743,models/model_辛亥復興路口西北側_borrow_count.rds
辛亥復興路口西北側,return_count,0.7136983122686527,6.890326026056698,4.817098078493175,743,models/model_辛亥復興路口西北側_return_count.rds
辛亥復興路口西北側,net_borrow,-0.021514349304165403,3.9780339654203,2.7967631993539595,743,models/model_辛亥復興路口西北側_net_borrow.rds
辛亥新生路口東南側,borrow_count,0.30239513393964823,6.239240978363033,4.149002009644284,743,models/model_辛亥新生路口東南側_borrow_count.rds
辛亥新生路口東南側,return_count,0.4399851423540636,5.02951245748019,3.437305836331638,743,models/model_辛亥新生路口東南側_return_count.rds
辛亥新生路口東南側,net_borrow,0.14224327588194108,5.539265659233158,3.532956652575181,743,models/model_辛亥新生路口東南側_net_borrow.rds
銘傳國小側門,borrow_count,0.6320809446886446,3.615259699073335,2.649978773374639,743,models/model_銘傳國小側門_borrow_count.rds
銘傳國小側門,return_count,0.6533682765551547,3.454690647440697,2.4931698541617546,743,models/model_銘傳國小側門_return_count.rds
銘傳國小側門,net_borrow,0.03515451655680968,2.1547372844407784,1.5164065070511774,743,models/model_銘傳國小側門_net_borrow.rds
