sno,sna,sarea,latitude,longitude,ar,sareaen,aren,act,total
500101005,YouBike2.0_辛亥復興路口西北側,大安區,25.02153,121.54299,復興南路二段368號,Daan Dist.,No. 368， Sec. 2， Fuxing S. Rd.,1,16.0
500101008,YouBike2.0_新生南路三段52號前,大安區,25.02112,121.53407,新生南路三段52號,Daan Dist.,No. 52， Sec. 3， Xinsheng S. Rd.,1,17.0
500101009,YouBike2.0_新生南路三段66號前,大安區,25.01976,121.53384,新生南路三段66號東側,Daan Dist.,No. 66， Sec. 3， Xinsheng S. Rd. (East),1,16.0
500101010,YouBike2.0_新生南路三段82號前,大安區,25.01894,121.53361,新生南路三段82號,Daan Dist.,No. 82， Sec. 3， Xinsheng S. Rd.,1,20.0
500101021,YouBike2.0_銘傳國小側門,大安區,25.01385,121.53549,羅斯福路四段21號旁天橋下,Daan Dist.,No. 21， Sec. 4， Roosevelt Rd.,1,7.0
500101022,YouBike2.0_捷運公館站(2號出口),大安區,25.01491,121.53438,捷運公館站(2號出口)外側,Daan Dist.,MRT Gongguan Sta. (Exit 2),1,99.0
500101023,YouBike2.0_第二學生活動中心,大安區,25.01244,121.53661,羅斯福路四段107號(西南側),Daan Dist.,No. 107， Sec. 4， Roosevelt Rd.(Southwest),1,25.0
500101024,YouBike2.0_臺灣科技大學正門,大安區,25.01451,121.54142,基隆路四段43號(臺灣科技大學正門旁小側門靠田徑場),Daan Dist.,No. 43， Sec. 4， Keelung Rd.,1,50.0
500101025,YouBike2.0_臺灣科技大學側門,大安區,25.01295,121.53973,基隆路四段73巷與基隆路口,Daan Dist.,Ln. 73， Sec. 4， Keelung Rd. Intersection,1,99.0
500101031,YouBike2.0_臺大男七舍前,大安區,25.01537,121.54698,長興街/長興街80巷口西側,Daan Dist.,Ln. 80， Changxing St. Intersection(West),1,20.0
500101032,YouBike2.0_臺大男一舍前,大安區,25.01637,121.54535,長興街50號西北側,Daan Dist.,No. 50， Changxing St.(Northwest),1,61.0
500101033,YouBike2.0_臺大男六舍前,大安區,25.01664,121.5452,大安區長興街31號,Daan Dist.,No. 31， Changxing St.,1,46.0
500101034,YouBike2.0_臺大動物醫院前,大安區,25.01576,121.54291,基隆路三段155巷/基隆路四段口,Daan Dist.,Ln. 155， Sec. 3， Keelung Rd. Intersection,1,18.0
500101036,YouBike2.0_臺大萬才館前,大安區,25.02032,121.54497,臺大萬才館北側,Daan Dist.,NTU Wan Tsai Research Hall,1,20.0
500101037,YouBike2.0_臺大國青大樓宿舍前,大安區,25.02076,121.54432,辛亥路三段30號西北側,Daan Dist.,No. 30， Sec. 3， Xinhai Rd.(Northwest),1,20.0
500101038,YouBike2.0_臺大社科院圖書館前,大安區,25.02101,121.54284,辛亥路與復興南路口西南側,Daan Dist.,Xinhai Fuxing Rd. Intersection (Southwest),1,27.0
500101039,YouBike2.0_臺大法人語言訓練中心前,大安區,25.02104,121.54081,臺大法人語言訓練中心北側,Daan Dist.,NTU Language Training & Testing Center(North),1,28.0
500101040,YouBike2.0_臺大綜合體育館停車場前,大安區,25.0222,121.53626,臺大綜合體育館北側,Daan Dist.,NTU Sports Center(North),1,25.0
500101041,YouBike2.0_辛亥新生路口東南側,大安區,25.02218,121.53474,辛亥新生路口東南側,Daan Dist.,Xinhai Xinsheng Rd. Intersection (Southeast),1,41.0
500101042,YouBike2.0_基隆長興路口東側,大安區,25.01727,121.54471,基隆長興路口東側,Daan Dist.,Keelung Changxing Rd. Intersection(East),1,15.0
500101181,YouBike2.0_捷運公館站(3號出口),大安區,25.01551,121.53374,捷運公館站(3號出口)西側,Daan Dist.,MRT Gongguan Sta.(Exit.3)(West),1,99.0
500101184,YouBike2.0_新生南路三段94巷口,大安區,25.01744,121.53334,新生南路三段94號前,Daan Dist.,No. 94， Sec. 3， Xinsheng S. Rd.,1,15.0
500101193,YouBike2.0_基隆長興路口,大安區,25.01705,121.54435,基隆路/長興街(東南側),Daan Dist.,Keelung Rd. & Changxing St. Intersection (Southeast),1,43.0
500101209,YouBike2.0_臺大資訊大樓,大安區,25.02101,121.54153,辛亥路二段(臺大外語學院外),Daan Dist.,Sec. 2， Xinhai Rd.(NTU Language Center),1,40.0
500106003,YouBike2.0_捷運公館站(1號出口),中正區,25.014529,121.534374,羅斯福路四段68號,Zhongzheng Dist,No.68， Sec. 4， Roosevelt Rd.,1,12.0
500106004,YouBike2.0_捷運公館站(4號出口),中正區,25.015069,121.533828,羅斯福路四段48號,Zhongzheng Dist,No.48， Sec. 4， Roosevelt Rd.,1,12.0
500119043,YouBike2.0_臺大男八舍東側,臺大公館校區,25.01729,121.54531,臺大男八舍東側,NTU Dist,NTU 8th Men's Dorm(East),1,42.0
500119044,YouBike2.0_臺大禮賢樓東南側,臺大公館校區,25.01408,121.53759,臺大仰萃樓東南側,NTU Dist,NTU The Apex Building(Southeast),1,23.0
500119045,YouBike2.0_臺大農業陳列館北側,臺大公館校區,25.01839,121.53404,農業陳列館北側,NTU Dist,NTU Agricultural Exhibition Hall(North),1,45.0
500119046,YouBike2.0_臺大管理學院二館北側,臺大公館校區,25.01355,121.53673,管理學院二號館北側,NTU Dist,NTU Building 2， College of Management(North),1,40.0
500119047,YouBike2.0_臺大土木系館,臺大公館校區,25.01761,121.53844,臺大土木工程學系所南側,NTU Dist,NTU Dept. of Civil Engineering(South),0,30.0
500119048,YouBike2.0_臺大大一女舍北側,臺大公館校區,25.01547,121.53436,臺大女一舍北側,NTU Dist,NTU Freshman Women's Dorm(North),1,53.0
500119049,YouBike2.0_臺大女九舍西南側,臺大公館校區,25.01937,121.53902,臺大女九舍西南側,NTU Dist,NTU 9th Women's Dorm(Southwest),1,62.0
500119050,YouBike2.0_臺大小福樓東側,臺大公館校區,25.01846,121.5376,臺大小福樓東側,NTU Dist,NTU Xiao Fu Commissary(East),1,31.0
500119051,YouBike2.0_臺大立體機車停車場,臺大公館校區,25.01616,121.54251,基隆路三段/基隆路三段156巷口北側,NTU Dist,Ln. 156， Sec. 3， Keelung Rd. Intersection(North),1,27.0
500119052,YouBike2.0_臺大工綜館南側,臺大公館校區,25.01857,121.54059,臺大工學院東南側,NTU Dist,NTU College of Engineering Building(Southeast),1,26.0
500119053,YouBike2.0_臺大天文數學館南側,臺大公館校區,25.02108,121.53783,臺大天文數學館西南側,NTU Dist,NTU Astronomy - Mathematics Building(Southwest),1,19.0
500119054,YouBike2.0_臺大心理系館南側,臺大公館校區,25.01941,121.5404,臺大心理學系南側,NTU Dist,NTU Dept. of Psychology (South Hall),1,30.0
500119055,YouBike2.0_臺大樂學館東側,臺大公館校區,25.01793,121.53585,臺大文學院西側,NTU Dist,Liberal Arts Research Building(West),1,28.0
500119056,YouBike2.0_臺大農化新館西側,臺大公館校區,25.01627,121.53535,臺大生化科技學系西側,NTU Dist,NTU Department of Biochemical Science and Technology(West),1,10.0
500119057,YouBike2.0_臺大五號館西側,臺大公館校區,25.01666,121.53718,臺大生物系館西側,NTU Dist,NTU Department of Bioenvironmental Systems Engineering(West),1,20.0
500119058,YouBike2.0_臺大舊體育館西側,臺大公館校區,25.0198,121.53583,臺大田徑場東側,NTU Dist,NTU Sports Field(East),1,33.0
500119060,YouBike2.0_臺大共同教室東南側,臺大公館校區,25.01566,121.53786,臺大共同教學館東南側,NTU Dist,NTU Common Subjects Classroom Building(Southeast),1,12.0
500119061,YouBike2.0_臺大鹿鳴堂東側,臺大公館校區,25.01511,121.53786,臺大鹿鳴廣場人行道側,NTU Dist,NTU Lu Ming Square(Sidewalk),1,27.0
500119062,YouBike2.0_臺大公館停車場西北側,臺大公館校區,25.01345,121.53798,臺大公館停車場西北側,NTU Dist,NTU Gongguan Car Park (Northwest),1,12.0
500119063,YouBike2.0_臺大第二行政大樓南側,臺大公館校區,25.01603,121.53635,臺大行政大樓西側,NTU Dist,NTU Administration Building(West),1,27.0
500119064,YouBike2.0_臺大明達館機車停車場,臺大公館校區,25.01754,121.54398,臺大明達館西側,NTU Dist,NTU Ming - Da Hall(West),1,28.0
500119065,YouBike2.0_臺大二號館,臺大公館校區,25.01699,121.53574,臺大物理文物廳北側,NTU Dist,NTU Heritage Hall of Physics,1,10.0
500119066,YouBike2.0_臺大凝態館南側,臺大公館校區,25.02157,121.53633,臺大物理系館南側,NTU Dist,NTU Dept. of Physics Library,1,20.0
500119067,YouBike2.0_臺大社科院西側,臺大公館校區,25.02053,121.54145,臺大社科院西側,NTU Dist,NTU College of social Sciences Building(West),1,42.0
500119068,YouBike2.0_臺大社會系館南側,臺大公館校區,25.01987,121.54175,臺大社會及社工館南側,NTU Dist,NTU Dept. of Sociology / Dept. of Social Work(South),1,39.0
500119069,YouBike2.0_臺大思亮館東南側,臺大公館校區,25.02074,121.53906,臺大思亮館東南側,NTU Dist,NTU Shih - Liang Hall(Southeast),1,10.0
500119070,YouBike2.0_臺大椰林小舖,臺大公館校區,25.01561,121.53583,臺大椰林小舖旁,NTU Dist,NTU Green Cabin,1,48.0
500119071,YouBike2.0_臺大計資中心南側,臺大公館校區,25.02036,121.53992,臺大計算機網路資訊中心南側,NTU Dist,NTU Computer and Information Networking Center(South),1,34.0
500119072,YouBike2.0_臺大原分所北側,臺大公館校區,25.01881,121.53868,臺大原子與分子科學研究所東北側,NTU Dist,NTU Institute of Atomic and Molecular Sciences(Northeast),1,12.0
500119074,YouBike2.0_臺大生命科學館西北側,臺大公館校區,25.01548,121.53825,臺大動物博物館西側,NTU Dist,Museum of Zoology(West),1,30.0
500119075,YouBike2.0_臺大第一活動中心西南側,臺大公館校區,25.01761,121.53995,第一學生活動中心東南側,NTU Dist,NTU 1st Student Activity Center(Southeast),1,40.0
500119076,YouBike2.0_臺大博理館西側,臺大公館校區,25.01922,121.54195,臺大博理館西側,NTU Dist,NTU Barry Lam Hall(West),1,22.0
500119077,YouBike2.0_臺大博雅館西側,臺大公館校區,25.0189,121.536,臺大博雅館西側,NTU Dist,NTU Liberal Education Classroom Building(West),1,56.0
500119078,YouBike2.0_臺大森林館北側,臺大公館校區,25.01704,121.53888,臺大森林系學系北側,NTU Dist,NTU Forestry Building(North),1,10.0
500119079,YouBike2.0_臺大一號館,臺大公館校區,25.01698,121.53455,臺大植物魚類標本館一號館北側,NTU Dist,NTU Building No.1(North),1,19.0
500119080,YouBike2.0_臺大小小福西南側,臺大公館校區,25.01539,121.53686,臺大進修教育大樓,NTU Dist,NTU Omnium Gatherum Building,1,10.0
500119081,YouBike2.0_臺大教研館北側,臺大公館校區,25.01337,121.53909,臺大雅頌廣場東南側,NTU Dist,NTU The Odeum Square(Southeast),1,11.0
500119082,YouBike2.0_臺大四號館東北側,臺大公館校區,25.01703,121.53781,臺大園藝暨景觀學系北側,NTU Dist,NTU Department of Horticulture(North),1,10.0
500119083,YouBike2.0_臺大新生教室南側,臺大公館校區,25.0196,121.53846,臺大新生教學館南側,NTU Dist,NTU Freshman Classroom Building(South),1,18.0
500119084,YouBike2.0_臺大鄭江樓北側,臺大公館校區,25.019,121.54305,臺大新聞研究所南側,NTU Dist,NTU Graduate Institute of Journalism(South),1,10.0
500119085,YouBike2.0_臺大電機二館東南側,臺大公館校區,25.01857,121.54247,臺大電機二館南側,NTU Dist,NTU E. E. Building No. 2(Southeast),1,14.0
500119086,YouBike2.0_臺大圖資系館北側,臺大公館校區,25.01804,121.53928,臺大圖書資訊館北側,NTU Dist,NTU Dept. of Library and Information Sciences(North),1,25.0
500119087,YouBike2.0_臺大總圖書館西南側,臺大公館校區,25.0169,121.54031,臺大圖書館西南側,NTU Dist,NTU Main Library(Southwest),1,30.0
500119088,YouBike2.0_臺大黑森林西側,臺大公館校區,25.01995,121.54347,臺大霖澤館南側,NTU Dist,NTU Tsai Lecture Hall(South),1,20.0
500119089,YouBike2.0_臺大獸醫館南側,臺大公館校區,25.01791,121.54242,臺大獸醫系館南側,NTU Dist,NTU Dept. of Veterinary Medicine(South),1,24.0
500119090,YouBike2.0_臺大新體育館東南側,臺大公館校區,25.02112,121.53591,臺大體育館東側,NTU Dist,NTU Sports Center(East),1,40.0
500119091,YouBike2.0_臺大明達館北側(員工宿舍),臺大公館校區,25.01816,121.54469,明達館北側前空地,NTU Dist,NTU Ming - Da Hall (North),1,18.0
